Workbook

Sheet Doctor Information
A1: Doctor ID | B1: Doctor Name | C1: Department | D1: Consultation Fee
A2: D001 | B2: Dr. Ahmed Khan | C2: Cardiology | D2: 2000
A3: D002 | B3: Dr. Sara Ali | C3: Pediatrics | D3: 1500
A4: D003 | B4: Dr. Usman Raza | C4: Orthopedics | D4: 1800
A5: D004 | B5: Dr. Ayesha Noor | C5: Neurology | D5: 2500

Sheet Appointment
A1: Appointment ID | B1: Patient Name | C1: Doctor ID | D1: Appointment Date | E1: Appointment Time | F1: Arrival Time | G1: Delay (mins) | H1: Status
A2: A101 | B2: Ali Hassan | C2: D001 | D2: 46054 | E2: 0.375 | F2: 0.37152778 | G2: =IF(F2="", "", ROUND((F2 - E2) * 1440, 0)) -> -5 | H2: =IF(F2="", "Missed", IF(G2<=0, "On Time", "Late")) -> On Time
A3: A102 | B3: Sana Malik | C3: D002 | D3: 46054 | E3: 0.39583333 | F3: 0.40277778 | G3: =IF(F3="", "", ROUND((F3 - E3) * 1440, 0)) -> 10 | H3: =IF(F3="", "Missed", IF(G3<=0, "On Time", "Late")) -> Late
A4: A103 | B4: Umar Farooq | C4: D003 | D4: 46054 | E4: 0.41666667 | G4: =IF(F4="", "", ROUND((F4 - E4) * 1440, 0)) | H4: =IF(F4="", "Missed", IF(G4<=0, "On Time", "Late")) -> Missed
A5: A104 | B5: Hina Shah | C5: D001 | D5: 46054 | E5: 0.4375 | F5: 0.4375 | G5: =IF(F5="", "", ROUND((F5 - E5) * 1440, 0)) -> 0 | H5: =IF(F5="", "Missed", IF(G5<=0, "On Time", "Late")) -> On Time
A6: A105 | B6: Bilal Ahmed | C6: D004 | D6: 46054 | E6: 0.45833333 | F6: 0.46527778 | G6: =IF(F6="", "", ROUND((F6 - E6) * 1440, 0)) -> 10 | H6: =IF(F6="", "Missed", IF(G6<=0, "On Time", "Late")) -> Late
A7: A106 | B7: Areeba Khan | C7: D002 | D7: 46055 | E7: 0.375 | F7: 0.37847222 | G7: =IF(F7="", "", ROUND((F7 - E7) * 1440, 0)) -> 5 | H7: =IF(F7="", "Missed", IF(G7<=0, "On Time", "Late")) -> Late
A8: A107 | B8: Salman Iqbal | C8: D003 | D8: 46055 | E8: 0.39583333 | F8: 0.39236111 | G8: =IF(F8="", "", ROUND((F8 - E8) * 1440, 0)) -> -5 | H8: =IF(F8="", "Missed", IF(G8<=0, "On Time", "Late")) -> On Time
A9: A108 | B9: Noor Fatima | C9: D004 | D9: 46055 | E9: 0.41666667 | F9: 0.43055556 | G9: =IF(F9="", "", ROUND((F9 - E9) * 1440, 0)) -> 20 | H9: =IF(F9="", "Missed", IF(G9<=0, "On Time", "Late")) -> Late
A10: A109 | B10: Hamza Ali | C10: D001 | D10: 46055 | E10: 0.4375 | F10: 0.4375 | G10: =IF(F10="", "", ROUND((F10 - E10) * 1440, 0)) -> 0 | H10: =IF(F10="", "Missed", IF(G10<=0, "On Time", "Late")) -> On Time
A11: A110 | B11: Zainab Noor | C11: D002 | D11: 46055 | E11: 0.45833333 | F11: 0.46666667 | G11: =IF(F11="", "", ROUND((F11 - E11) * 1440, 0)) -> 12 | H11: =IF(F11="", "Missed", IF(G11<=0, "On Time", "Late")) -> Late

Sheet Billing
A1: Appointment ID | B1: Appointment Date | C1: Patient Name | D1: Doctor ID | E1: Doctor Fee | F1: Total Bill
A2: A101 | B2: =VLOOKUP(A2,Appointment!A1:H11,4,False) -> 46054 | C2: =VLOOKUP(A2,Appointment!A1:H11,2,FALSE) -> Ali Hassan | D2: =VLOOKUP(A2,Appointment!A2:H11,3,FALSE) -> D001 | E2: =VLOOKUP(D2,'Doctor Information'!A:D,4,False) -> 2000 | F2: =E2:E11 -> 2000
A3: A102 | B3: =VLOOKUP(A3,Appointment!A2:H12,4,False) -> 46054 | C3: =VLOOKUP(A3,Appointment!A2:H11,2,FALSE) -> Sana Malik | D3: =VLOOKUP(A3,Appointment!A3:H12,3,FALSE) -> D002 | E3: =VLOOKUP(D3,'Doctor Information'!A:D,4,False) -> 1500 | F3: =E3:E12 -> 1500
A4: A103 | B4: =VLOOKUP(A4,Appointment!A3:H13,4,False) -> 46054 | C4: =VLOOKUP(A4,Appointment!A3:H13,2,FALSE) -> Umar Farooq | D4: =VLOOKUP(A4,Appointment!A4:H13,3,FALSE) -> D003 | E4: =VLOOKUP(D4,'Doctor Information'!A:D,4,False) -> 1800 | F4: =E4:E13 -> 1800
A5: A104 | B5: =VLOOKUP(A5,Appointment!A4:H14,4,False) -> 46054 | C5: =VLOOKUP(A5,Appointment!A4:H14,2,FALSE) -> Hina Shah | D5: =VLOOKUP(A5,Appointment!A5:H14,3,FALSE) -> D001 | E5: =VLOOKUP(D5,'Doctor Information'!A:D,4,False) -> 2000 | F5: =E5:E14 -> 2000
A6: A105 | B6: =VLOOKUP(A6,Appointment!A5:H15,4,False) -> 46054 | C6: =VLOOKUP(A6,Appointment!A5:H15,2,FALSE) -> Bilal Ahmed | D6: =VLOOKUP(A6,Appointment!A6:H15,3,FALSE) -> D004 | E6: =VLOOKUP(D6,'Doctor Information'!A:D,4,False) -> 2500 | F6: =E6:E15 -> 2500
A7: A106 | B7: =VLOOKUP(A7,Appointment!A6:H16,4,False) -> 46055 | C7: =VLOOKUP(A7,Appointment!A6:H16,2,FALSE) -> Areeba Khan | D7: =VLOOKUP(A7,Appointment!A7:H16,3,FALSE) -> D002 | E7: =VLOOKUP(D7,'Doctor Information'!A:D,4,False) -> 1500 | F7: =E7:E16 -> 1500
A8: A107 | B8: =VLOOKUP(A8,Appointment!A7:H17,4,False) -> 46055 | C8: =VLOOKUP(A8,Appointment!A7:H17,2,FALSE) -> Salman Iqbal | D8: =VLOOKUP(A8,Appointment!A8:H17,3,FALSE) -> D003 | E8: =VLOOKUP(D8,'Doctor Information'!A:D,4,False) -> 1800 | F8: =E8:E17 -> 1800
A9: A108 | B9: =VLOOKUP(A9,Appointment!A8:H18,4,False) -> 46055 | C9: =VLOOKUP(A9,Appointment!A8:H18,2,FALSE) -> Noor Fatima | D9: =VLOOKUP(A9,Appointment!A9:H18,3,FALSE) -> D004 | E9: =VLOOKUP(D9,'Doctor Information'!A:D,4,False) -> 2500 | F9: =E9:E18 -> 2500
A10: A109 | B10: =VLOOKUP(A10,Appointment!A9:H19,4,False) -> 46055 | C10: =VLOOKUP(A10,Appointment!A9:H19,2,FALSE) -> Hamza Ali | D10: =VLOOKUP(A10,Appointment!A10:H19,3,FALSE) -> D001 | E10: =VLOOKUP(D10,'Doctor Information'!A:D,4,False) -> 2000 | F10: =E10:E19 -> 2000
A11: A110 | B11: =VLOOKUP(A11,Appointment!A10:H20,4,False) -> 46055 | C11: =VLOOKUP(A11,Appointment!A10:H20,2,FALSE) -> Zainab Noor | D11: =VLOOKUP(A11,Appointment!A11:H20,3,FALSE) -> D002 | E11: =VLOOKUP(D11,'Doctor Information'!A:D,4,False) -> 1500 | F11: =E11:E20 -> 1500

Sheet Daily Revenue  Summary
A1: Date | B1: Total Patients | C1: Total Revenue
A2: 46054 | B2: =COUNTIF(Billing!B2:B11,A2:A3) -> 5 | C2: =SUMIF(Billing!B2:B11,A2:A3,Billing!F2:F11) -> 9800
A3: 46055 | B3: =COUNTIF(Billing!B3:B12,A3:A4) -> 5 | C3: =SUMIF(Billing!B2:B11,A2:A3,Billing!F2:F11) -> 9300

Sheet Doctor wise performance Dashboa
A1: Doctor Name | B1: Total Patients | C1: Total Revenue
A2: =VLOOKUP('Doctor Information'!A1:A5, 'Doctor Information'!A2:D5, 2, FALSE) -> Dr. Ahmed Khan | B2: =COUNTIF(Billing!D2:D11,'Doctor Information'!A2:A5) -> 3 | C2: =SUMIF(Billing!D2:D11,Appointment!C2:C11,Billing!F2:F11) -> 6000
A3: =VLOOKUP('Doctor Information'!A2:A6, 'Doctor Information'!A3:D6, 2, FALSE) -> Dr. Sara Ali | B3: =COUNTIF(Billing!D3:D12,'Doctor Information'!A3:A6) -> 3 | C3: =SUMIF(Billing!D3:D12,Appointment!C3:C12,Billing!F3:F12) -> 4500
A4: =VLOOKUP('Doctor Information'!A3:A7, 'Doctor Information'!A4:D7, 2, FALSE) -> Dr. Usman Raza | B4: =COUNTIF(Billing!D4:D13,'Doctor Information'!A4:A7) -> 2 | C4: =SUMIF(Billing!D4:D13,Appointment!C4:C13,Billing!F4:F13) -> 3600
A5: =VLOOKUP('Doctor Information'!A4:A8, 'Doctor Information'!A5:D8, 2, FALSE) -> Dr. Ayesha Noor | B5: =COUNTIF(Billing!D5:D14,'Doctor Information'!A5:A8) -> 2 | C5: =SUMIF(Billing!D2:D11, "D004", Billing!F2:F100) -> 5000
